                  epoch,         train/box_loss,         train/cls_loss,         train/dfl_loss,   metrics/precision(B),      metrics/recall(B),       metrics/mAP50(B),    metrics/mAP50-95(B),           val/box_loss,           val/cls_loss,           val/dfl_loss,                 lr/pg0,                 lr/pg1,                 lr/pg2
                      1,                  1.769,                 3.9007,                 2.0171,                0.00308,                0.86078,                0.10469,                0.04114,                 1.9728,                 4.8947,                 2.4436,             0.00046442,             0.00046442,             0.00046442
                      2,                 1.5105,                 4.0426,                  1.781,                0.00268,                0.80784,                 0.1701,                0.09169,                 1.8868,                   4.59,                 2.4521,             0.00075449,             0.00075449,             0.00075449
                      3,                 1.5691,                 3.3104,                 1.8489,                0.99825,                0.11765,                0.16042,                0.07865,                 1.8124,                 4.6213,                 2.3481,             0.00085592,             0.00085592,             0.00085592
                      4,                 1.5484,                 3.2858,                 1.8743,                0.21475,                0.20098,                0.17316,                0.07989,                 1.9177,                 4.0497,                 2.4642,             0.00058017,             0.00058017,             0.00058017
                      5,                 1.5263,                 3.0361,                 1.8694,                 0.1835,                 0.2402,                0.20979,                  0.099,                 1.9519,                 4.1203,                 2.4165,             0.00029723,             0.00029723,             0.00029723
